,batch,urls
0,2761-2999,https://austin.craigslist.org/cto/d/2009-honda-cr/6574807209.html
1,2761-2999,https://austin.craigslist.org/ctd/d/2017-hyundai-santa-fe-sport/6579496036.html
2,2761-2999,https://austin.craigslist.org/ctd/d/2017-chevrolet-sonic-summit/6579495833.html
3,2761-2999,https://austin.craigslist.org/ctd/d/2016-ford-focus-gray-for-sale/6579495642.html
4,2761-2999,https://austin.craigslist.org/ctd/d/2013-ford-150-gold-sweet-deal/6579495987.html
5,2761-2999,https://austin.craigslist.org/ctd/d/2012-dodge-durango-bright/6579495797.html
6,2761-2999,https://austin.craigslist.org/ctd/d/2013-mercedes-benz-class-blue/6579495609.html
7,2761-2999,https://austin.craigslist.org/ctd/d/2016-mitsubishi-outlander/6579490068.html
8,2761-2999,https://austin.craigslist.org/ctd/d/2015-bmw-x1-sdrive28i-suv/6579490020.html
9,2761-2999,https://austin.craigslist.org/ctd/d/2012-nissan-sentra-aspen-ice/6579491691.html
10,2761-2999,https://austin.craigslist.org/ctd/d/2016-dodge-charger-granite/6579491348.html
11,2761-2999,https://austin.craigslist.org/ctd/d/2015-gmc-acadia-sle-1-suv-dk/6579489975.html
12,2761-2999,https://austin.craigslist.org/ctd/d/2012-gmc-acadia-white-diamond/6579490922.html
13,2761-2999,https://austin.craigslist.org/ctd/d/2015-toyota-prius-two/6579489937.html
14,2761-2999,https://austin.craigslist.org/cto/d/hummer-h3/6579487345.html
15,2761-2999,https://austin.craigslist.org/ctd/d/2013-chevrolet-silverado-1500/6579490559.html
16,2761-2999,https://austin.craigslist.org/ctd/d/2016-chevy-chevrolet-impala/6579489871.html
17,2761-2999,https://austin.craigslist.org/ctd/d/2014-ford-150-blue-for-sale/6579490152.html
18,2761-2999,https://austin.craigslist.org/ctd/d/2016-nissan-frontier-sv/6579489817.html
19,2761-2999,https://austin.craigslist.org/ctd/d/2014-chevrolet-silverado-1500/6579489776.html
20,2761-2999,https://austin.craigslist.org/ctd/d/2013-ford-f150-stx-extended/6579489451.html
21,2761-2999,https://austin.craigslist.org/ctd/d/2014-ford-expedition-black/6579489428.html
22,2761-2999,https://austin.craigslist.org/ctd/d/2015-chevy-chevrolet-camaro/6579487166.html
23,2761-2999,https://austin.craigslist.org/ctd/d/2008-ford-150-mahogany/6579488932.html
24,2761-2999,https://austin.craigslist.org/ctd/d/2015-ford-escape-ingot-silver/6579488589.html
25,2761-2999,https://austin.craigslist.org/ctd/d/2004-toyota-camry-beige-big/6579488263.html
26,2761-2999,https://austin.craigslist.org/ctd/d/2014-ford-150-oxford-white/6579487887.html
27,2761-2999,https://austin.craigslist.org/ctd/d/2014-chevrolet-traverse/6579487534.html
28,2761-2999,https://austin.craigslist.org/cto/d/2006-honda-crv-ex/6559826050.html
29,2761-2999,https://austin.craigslist.org/ctd/d/2016-hyundai-veloster-ironman/6579486734.html
30,2761-2999,https://austin.craigslist.org/ctd/d/2011-chevrolet-tahoe-summit/6579487126.html
31,2761-2999,https://austin.craigslist.org/ctd/d/2015-bmw-x1-xdrive28i/6579486840.html
32,2761-2999,https://austin.craigslist.org/ctd/d/2014-bmw-i3-gray/6579483862.html
33,2761-2999,https://austin.craigslist.org/ctd/d/2016-chevrolet-cruze-limited/6579483689.html
34,2761-2999,https://austin.craigslist.org/ctd/d/2016-volkswagen-gti-red/6579483499.html
35,2761-2999,https://austin.craigslist.org/ctd/d/2009-ford-f350-flatbed-crew/6579483172.html
36,2761-2999,https://austin.craigslist.org/cto/d/honda-civic-2000/6579479824.html
37,2761-2999,https://austin.craigslist.org/ctd/d/2012-nissan-altima-coupe/6579481103.html
38,2761-2999,https://austin.craigslist.org/cto/d/2003-nissan-altima-not/6579477234.html
39,2761-2999,https://austin.craigslist.org/cto/d/2012-nissan-rogue-sl-clean/6579476875.html
40,2761-2999,https://austin.craigslist.org/ctd/d/2012-honda-crv-lx/6579479051.html
41,2761-2999,https://austin.craigslist.org/cto/d/2004-mercedes-230/6570712548.html
42,2761-2999,https://austin.craigslist.org/ctd/d/2002-nissan-frontier-se-crew/6579473973.html
43,2761-2999,https://austin.craigslist.org/ctd/d/2013-ram-1500-slt/6579473793.html
44,2761-2999,https://austin.craigslist.org/ctd/d/2014-ford-150-supercrew/6579473609.html
45,2761-2999,https://austin.craigslist.org/cto/d/1987-chevy-r10-c10-swb-ls/6579470005.html
46,2761-2999,https://austin.craigslist.org/ctd/d/2010-ford-explorer-eddie/6579471857.html
47,2761-2999,https://austin.craigslist.org/cto/d/2012-ford-150/6562520476.html
48,2761-2999,https://austin.craigslist.org/cto/d/2008-pt-cruiser-turbo-ltd/6567820343.html
49,2761-2999,https://austin.craigslist.org/cto/d/1979-lincoln-continental-mkv/6570101644.html
50,2761-2999,https://austin.craigslist.org/cto/d/1980chevy-camper-special/6574936799.html
51,2761-2999,https://austin.craigslist.org/cto/d/honda-fit-sport-56k-miles-one/6575167333.html
52,2761-2999,https://austin.craigslist.org/cto/d/1963-chevrolet/6579463368.html
53,2761-2999,https://austin.craigslist.org/cto/d/1968-dodge-charger/6576379782.html
54,2761-2999,https://austin.craigslist.org/cto/d/2008-honda-fitruns-very/6560027157.html
55,2761-2999,https://austin.craigslist.org/cto/d/nissan-altima-white-automatic/6579457450.html
56,2761-2999,https://austin.craigslist.org/cto/d/honda-crv-super-condition-in/6579452304.html
57,2761-2999,https://austin.craigslist.org/cto/d/2006-jeep-wrangler-lj-105k/6575774909.html
58,2761-2999,https://austin.craigslist.org/cto/d/2011-toyota-corolla-le-89k/6579446214.html
59,2761-2999,https://austin.craigslist.org/cto/d/2005-subaru-sti-fresh-motor/6552932753.html
60,2761-2999,https://austin.craigslist.org/cto/d/1996-bmw-740il-garage-kept/6567781965.html
61,2761-2999,https://austin.craigslist.org/cto/d/2010-chevrolet-silverado-z71/6579434958.html
62,2761-2999,https://austin.craigslist.org/cto/d/2012-ford-edge-sel-with/6579440826.html
63,2761-2999,https://austin.craigslist.org/cto/d/2009-pontiac-vibe-low-miles/6579433400.html
64,2761-2999,https://austin.craigslist.org/cto/d/2003-gmc-envoy/6552870266.html
65,2761-2999,https://austin.craigslist.org/cto/d/2016-corvette-stingray/6570599671.html
66,2761-2999,https://austin.craigslist.org/cto/d/x4-xl/6558626933.html
67,2761-2999,https://austin.craigslist.org/cto/d/1972-chevy-c20-4x4/6558098661.html
68,2761-2999,https://austin.craigslist.org/cto/d/1986-corvette-convertible/6567777274.html
69,2761-2999,https://austin.craigslist.org/cto/d/1982-mercedes-380sl/6567396408.html
70,2761-2999,https://austin.craigslist.org/ctd/d/2016-subaru-crosstrek-20i/6579437683.html
71,2761-2999,https://austin.craigslist.org/cto/d/1964-chevrolet-cton-lwb/6567549830.html
72,2761-2999,https://austin.craigslist.org/cto/d/1999-lincoln-limo-96-6/6567775731.html
73,2761-2999,https://austin.craigslist.org/cto/6579407075.html
74,2761-2999,https://austin.craigslist.org/cto/d/2004-mercedes-clk55-amg/6579431408.html
75,2761-2999,https://austin.craigslist.org/ctd/d/2015-mazda-cx-9-cx9-touring/6579431040.html
76,2761-2999,https://austin.craigslist.org/cto/d/1973-triumph-tr6-total/6553122144.html
77,2761-2999,https://austin.craigslist.org/ctd/d/2015-acura-tlx-sedan-white/6579430984.html
78,2761-2999,https://austin.craigslist.org/ctd/d/2015-kia-sorento-lx-suv-black/6579431427.html
79,2761-2999,https://austin.craigslist.org/cto/d/1932-custom-high-boy-roadster/6579429774.html
80,2761-2999,https://austin.craigslist.org/cto/d/2007-mercedes-ml320-cdi-diesel/6579427675.html
81,2761-2999,https://austin.craigslist.org/ctd/d/2015-gmc-canyon-slt-pickup/6579427291.html
82,2761-2999,https://austin.craigslist.org/ctd/d/2016-buick-cascada-premium/6579427270.html
83,2761-2999,https://austin.craigslist.org/ctd/d/2017-ram-2500-tradesman-4x4/6579422522.html
84,2761-2999,https://austin.craigslist.org/ctd/d/2013-cadillac-srx-luxury-fwd/6579422528.html
85,2761-2999,https://austin.craigslist.org/ctd/d/2015-ford-focus-se-fwd-204l/6579422524.html
86,2761-2999,https://austin.craigslist.org/ctd/d/2016-ford-250-lariat-4x4/6579422513.html
87,2761-2999,https://austin.craigslist.org/ctd/d/2012-chevrolet-silverado-1500/6579422505.html
88,2761-2999,https://austin.craigslist.org/cto/d/2013-mazda-3-clean-title/6579418640.html
89,2761-2999,https://austin.craigslist.org/cto/d/2014-sentra-4-doors-41k-miles/6579418247.html
90,2761-2999,https://austin.craigslist.org/cto/d/2000-chevrolet-silverado-1500/6579417779.html
91,2761-2999,https://austin.craigslist.org/cto/d/2007-gti-golf-vw-turbo-20-4/6579417690.html
92,2761-2999,https://austin.craigslist.org/cto/d/2008-dodge-ramx4-clean-title/6579417225.html
93,2761-2999,https://austin.craigslist.org/cto/d/2007-bmw-328i-clean-carfax-obo/6579416987.html
94,2761-2999,https://austin.craigslist.org/cto/d/2016-vw-jetta-sel-automatic/6579416869.html
95,2761-2999,https://austin.craigslist.org/cto/d/2006-mini-cooper-125-miles-no/6579416615.html
96,2761-2999,https://austin.craigslist.org/cto/d/2011-honda-accord-coupe-at/6579416515.html
97,2761-2999,https://austin.craigslist.org/cto/d/2015-volkswagen-tiguan-loaded/6579416324.html
98,2761-2999,https://austin.craigslist.org/cto/d/2006-ford-focus/6574956829.html
99,2761-2999,https://austin.craigslist.org/cto/d/buyf250-f350s/6563210984.html
100,2761-2999,https://austin.craigslist.org/cto/d/hayes-repair-manual-nissan/6560280201.html
101,2761-2999,https://austin.craigslist.org/cto/d/2004-range-rover-hse-low-miles/6556941817.html
102,2761-2999,https://austin.craigslist.org/cto/d/1967-fairlane-500/6556942078.html
103,2761-2999,https://austin.craigslist.org/ctd/d/2017-ford-escape-titanium/6579413082.html
104,2761-2999,https://austin.craigslist.org/cto/d/intrepid/6579401891.html
105,2761-2999,https://austin.craigslist.org/cto/d/dont-be-fooled/6570399579.html
106,2761-2999,https://austin.craigslist.org/cto/d/impala/6579401186.html
107,2761-2999,https://austin.craigslist.org/cto/d/dually/6579400507.html
108,2761-2999,https://austin.craigslist.org/ctd/d/2017-subaru-legacy-25i/6579400711.html
109,2761-2999,https://austin.craigslist.org/cto/d/2004-commemorative-edition/6562819537.html
110,2761-2999,https://austin.craigslist.org/cto/d/classic-antique-chrysler-1947/6579394477.html
111,2761-2999,https://austin.craigslist.org/cto/d/jeep-cj5/6579392933.html
112,2761-2999,https://austin.craigslist.org/ctd/d/2015-toyota-rav4/6579392578.html
113,2761-2999,https://austin.craigslist.org/cto/d/2002-pontiac-trans-am-ws6-som/6579383912.html
114,2761-2999,https://austin.craigslist.org/cto/d/serious-inquires-only-amazing/6579383836.html
115,2761-2999,https://austin.craigslist.org/ctd/d/2014-nissan-frontier/6579382837.html
116,2761-2999,https://austin.craigslist.org/cto/d/clean-2005-hyundai-santa-fe/6579380307.html
117,2761-2999,https://austin.craigslist.org/cto/d/2004-pt-cruiser/6575750092.html
118,2761-2999,https://austin.craigslist.org/cto/d/2010-ford-150-super-crew-cab/6579379465.html
119,2761-2999,https://austin.craigslist.org/cto/d/dodge-dakota-t-59/6579378888.html
120,2761-2999,https://austin.craigslist.org/cto/d/dodge-dakota-t-59/6579378888.html
121,2761-2999,https://austin.craigslist.org/cto/d/2003-honda-element-ex/6579377884.html
122,2761-2999,https://austin.craigslist.org/cto/d/2016-honda-accord-ex/6579373852.html
123,2761-2999,https://austin.craigslist.org/cto/d/2006-acura-tsx-two-owner/6576421452.html
124,2761-2999,https://austin.craigslist.org/cto/d/toyota-rav4-xle/6579372193.html
125,2761-2999,https://austin.craigslist.org/cto/d/2002-mercedes-gk-miles-firm/6572890039.html
126,2761-2999,https://austin.craigslist.org/cto/d/2005-lexus-lxk-miles/6572891744.html
127,2761-2999,https://austin.craigslist.org/cto/d/1997-toyota-camry-black/6579372050.html
128,2761-2999,https://austin.craigslist.org/cto/d/2015-hyundai-genesis-87k/6571000337.html
129,2761-2999,https://austin.craigslist.org/cto/d/2015-buick-verano-43k-miles-5/6570989456.html
130,2761-2999,https://austin.craigslist.org/cto/d/2014-toyota-corolla-49-miles/6570986653.html
131,2761-2999,https://austin.craigslist.org/cto/d/2013-bmw-335i-sport/6562912673.html
132,2761-2999,https://austin.craigslist.org/cto/d/two-owner-accident-free-2005/6559690125.html
133,2761-2999,https://austin.craigslist.org/cto/d/2008-bmw-528xi-awd/6579368572.html
134,2761-2999,https://austin.craigslist.org/cto/d/2012-ford-f150-4x4-xlt-super/6559650795.html
135,2761-2999,https://austin.craigslist.org/ctd/d/2013-chevy-parking-lot/6579366811.html
136,2761-2999,https://austin.craigslist.org/cto/d/two-owner-2013-bmw-x5-xdrive/6559652720.html
137,2761-2999,https://austin.craigslist.org/cto/d/mercedes-c/6554635936.html
138,2761-2999,https://austin.craigslist.org/cto/d/one-owner-2012-mercedes-benz/6558736209.html
139,2761-2999,https://austin.craigslist.org/cto/d/2015-cadillac-srx/6579362315.html
140,2761-2999,https://austin.craigslist.org/ctd/d/2012-volkswagen-passat-se-55k/6579361344.html
141,2761-2999,https://austin.craigslist.org/cto/d/2014-toyota-rav4-le-43k-mile/6558703690.html
142,2761-2999,https://austin.craigslist.org/cto/d/freightliner-fld-120-tri-axle/6579359030.html
143,2761-2999,https://austin.craigslist.org/cto/d/1992-camaro-z28/6570854076.html
144,2761-2999,https://austin.craigslist.org/cto/d/2009-hummer-h3-4x4-fully/6558710355.html
145,2761-2999,https://austin.craigslist.org/cto/d/buick-rainer-2004-clean-title/6575195875.html
146,2761-2999,https://austin.craigslist.org/cto/d/one-owner-10-mercedes-benz/6557759937.html
147,2761-2999,https://austin.craigslist.org/cto/d/2003-mini-cooper-r53-parts-car/6579352070.html
148,2761-2999,https://austin.craigslist.org/cto/d/2007-chevrolet-equinox-ls-4dr/6568040052.html
149,2761-2999,https://austin.craigslist.org/cto/d/2015-chrysler-200-limited/6579349783.html
150,2761-2999,https://austin.craigslist.org/cto/d/2007-volkswagen-passat-20t/6579349349.html
151,2761-2999,https://austin.craigslist.org/cto/d/1953-corvette-replica-kit/6568765633.html
152,2761-2999,https://austin.craigslist.org/cto/d/lexus-is300/6555269328.html
153,2761-2999,https://austin.craigslist.org/cto/d/2008-volvo/6579348738.html
154,2761-2999,https://austin.craigslist.org/cto/d/nice-2003-dodge-durango-only/6560666750.html
155,2761-2999,https://austin.craigslist.org/cto/d/nice-2003-dodge-durango-only/6565291257.html
156,2761-2999,https://austin.craigslist.org/cto/d/2005-toyota-camry-le/6579347375.html
157,2761-2999,https://austin.craigslist.org/cto/d/2012-mitsubishi-eclipse-se/6568030551.html
158,2761-2999,https://austin.craigslist.org/cto/d/2002-toyota-avalon-xls/6554154429.html
159,2761-2999,https://austin.craigslist.org/cto/d/for-sale/6579347124.html
160,2761-2999,https://austin.craigslist.org/cto/d/2006-cadillac-srx-v6/6579345971.html
161,2761-2999,https://austin.craigslist.org/cto/d/2006-toyota-avalon-xls-beauty/6579340341.html
162,2761-2999,https://austin.craigslist.org/cto/d/2003-lexus-gs300-well/6579344518.html
163,2761-2999,https://austin.craigslist.org/cto/d/2001-porsche-boxter-2dr/6568015232.html
164,2761-2999,https://austin.craigslist.org/cto/d/85-jeep-cj7/6579343541.html
165,2761-2999,https://austin.craigslist.org/cto/d/wrecked-2002-ford-mustang/6575838189.html
166,2761-2999,https://austin.craigslist.org/cto/d/2001-chevrolet-express-3500/6579341932.html
167,2761-2999,https://austin.craigslist.org/cto/d/handicap-accessible-van-rv/6575845513.html
168,2761-2999,https://austin.craigslist.org/cto/d/2007-chevrolet-avalanche-ltdr/6568010224.html
169,2761-2999,https://austin.craigslist.org/cto/d/6000-mile-new-jeep-wrangler/6567127767.html
170,2761-2999,https://austin.craigslist.org/cto/d/rare-67-camaro-rs-ss/6556581902.html
171,2761-2999,https://austin.craigslist.org/cto/d/2008-ford-explorer-xlt-3-rows/6555806689.html
172,2761-2999,https://austin.craigslist.org/cto/d/2012-ford-expedition-xlt/6551376055.html
173,2761-2999,https://austin.craigslist.org/cto/d/2013-toyota-sienna-le/6557770522.html
174,2761-2999,https://austin.craigslist.org/cto/d/2009-mercedes-benz-c300/6555808119.html
175,2761-2999,https://austin.craigslist.org/cto/d/2010-ford-mustang-gt-great/6558726176.html
176,2761-2999,https://austin.craigslist.org/cto/d/2007-dodge-ram-1500-st/6566038245.html
177,2761-2999,https://austin.craigslist.org/cto/d/2009-nissan-murano-excellent/6566043545.html
178,2761-2999,https://austin.craigslist.org/cto/d/2013-honda-odyssey-lx-53k/6566045385.html
179,2761-2999,https://austin.craigslist.org/cto/d/1938-pontiac-street-rod/6579339497.html
180,2761-2999,https://austin.craigslist.org/cto/d/2011-ford-expedition-el-xlt/6552164424.html
181,2761-2999,https://austin.craigslist.org/cto/d/2006-toyota-avalon-xls-black/6570868547.html
182,2761-2999,https://austin.craigslist.org/cto/d/2008-cadillac-dts-low-miles/6555808475.html
183,2761-2999,https://austin.craigslist.org/cto/d/2007-nissan-350z-roadster/6552153446.html
184,2761-2999,https://austin.craigslist.org/cto/d/2003-infiniti-g35-coupe/6560640821.html
185,2761-2999,https://austin.craigslist.org/cto/d/2012-nissan-murano-low-miles/6551377693.html
186,2761-2999,https://austin.craigslist.org/cto/d/2009-nissan-murano-sl/6567529356.html
187,2761-2999,https://austin.craigslist.org/cto/d/2009-mercedes-benz-c300/6552154943.html
188,2761-2999,https://austin.craigslist.org/cto/d/2000-nissan-frontier-crew-cab/6579338437.html
189,2761-2999,https://austin.craigslist.org/cto/d/one-owner-2014-nissan/6557731736.html
190,2761-2999,https://austin.craigslist.org/cto/d/nice-ford-ranger-extended-cab/6579336194.html
191,2761-2999,https://austin.craigslist.org/cto/d/2013-mustang/6568196069.html
192,2761-2999,https://austin.craigslist.org/ctd/d/2016-mazda-mazda-cx-5-touring/6579336952.html
193,2761-2999,https://austin.craigslist.org/cto/d/2006-honda-pilot-ex-w-dvd-4dr/6579326362.html
194,2761-2999,https://austin.craigslist.org/cto/d/2009-chevrolet-tahoe-4x4-1/6579335254.html
195,2761-2999,https://austin.craigslist.org/cto/d/ford-e350-cargo-van-1-owner/6579334941.html
196,2761-2999,https://austin.craigslist.org/cto/d/1991-4x4-ford-explorer/6557479871.html
197,2761-2999,https://austin.craigslist.org/cto/d/2001-ford-explorer-sport-trac/6579330323.html
198,2761-2999,https://austin.craigslist.org/cto/d/2003-bmw-330imiles/6574632544.html
199,2761-2999,https://austin.craigslist.org/cto/d/2014-ram-2500-longhorn-edition/6579330882.html
200,2761-2999,https://austin.craigslist.org/cto/d/jeep-wrangler-rhd/6565514915.html
201,2761-2999,https://austin.craigslist.org/ctd/d/2002-corvette-61k-miles-1/6579330873.html
202,2761-2999,https://austin.craigslist.org/cto/d/toyota-fj-cruiser-trail-teams/6572781060.html
203,2761-2999,https://austin.craigslist.org/cto/d/2008-toyota-camry-hybrid/6565226819.html
204,2761-2999,https://austin.craigslist.org/cto/d/2008-toyota-rav4-1-owner/6579313015.html
205,2761-2999,https://austin.craigslist.org/cto/d/2010-town-country-touring/6577338706.html
206,2761-2999,https://austin.craigslist.org/cto/d/2004-toyota-sienna/6560339907.html
207,2761-2999,https://austin.craigslist.org/cto/d/infiniti-g35-coupe/6577386218.html
208,2761-2999,https://austin.craigslist.org/cto/d/ford-expedition/6577385882.html
209,2761-2999,https://austin.craigslist.org/cto/d/2001-ford-ranger-xlt-cab/6579315109.html
210,2761-2999,https://austin.craigslist.org/cto/d/2009-acura-tsx/6569564121.html
211,2761-2999,https://austin.craigslist.org/cto/d/1990-jeep-yj-wrangler-4x4/6579324616.html
212,2761-2999,https://austin.craigslist.org/cto/d/2005-infiniti-g35/6574164274.html
213,2761-2999,https://austin.craigslist.org/cto/d/c3500hd-diesel-cab-chassis/6558051025.html
214,2761-2999,https://austin.craigslist.org/cto/d/2003-toyota-avalon-xls-like/6579320600.html
215,2761-2999,https://austin.craigslist.org/cto/d/2004-sierra-2500hd-rear-wheel/6575431320.html
216,2761-2999,https://austin.craigslist.org/cto/d/2002-ford-explorer-sport-trac/6565204984.html
217,2761-2999,https://austin.craigslist.org/cto/d/2012-dodge-avenger-4-cyl-68k/6579322984.html
218,2761-2999,https://austin.craigslist.org/cto/d/2013-ford-transit-connect/6579322372.html
219,2761-2999,https://austin.craigslist.org/cto/d/2007-toyota-sequoia-sr5/6567208115.html
220,2761-2999,https://austin.craigslist.org/cto/d/2008-audi-q7-awd-105-mile/6567158639.html
221,2761-2999,https://austin.craigslist.org/cto/d/2016-ford-focus/6575164325.html
222,2761-2999,https://austin.craigslist.org/cto/d/2002-mercury-sable/6579314631.html
223,2761-2999,https://austin.craigslist.org/cto/d/2008-crown-vic-interceptor/6579310551.html
224,2761-2999,https://austin.craigslist.org/cto/d/1994-dodge-dakota/6579307157.html
225,2761-2999,https://austin.craigslist.org/cto/d/2010-ford-e350-super-duty/6579306636.html
226,2761-2999,https://austin.craigslist.org/cto/d/2000-ford-f250-crew-cab/6579304559.html
227,2761-2999,https://austin.craigslist.org/cto/d/1999-pontiac-bonneville/6579304258.html
228,2761-2999,https://austin.craigslist.org/cto/d/1984-hmmwv/6568071808.html
229,2761-2999,https://austin.craigslist.org/cto/d/2004-mercedes-c230/6579303565.html
230,2761-2999,https://austin.craigslist.org/cto/d/2005-saturn-ion/6579303254.html
231,2761-2999,https://austin.craigslist.org/cto/d/2000-ford-f150-supercab-xlt/6579303007.html
232,2761-2999,https://austin.craigslist.org/cto/d/2007-mini-cooper-hardtop/6554283809.html
233,2761-2999,https://austin.craigslist.org/cto/d/2008-lexus-es350/6576722766.html
234,2761-2999,https://austin.craigslist.org/cto/d/2005-bmw-525i/6569730407.html
235,2761-2999,https://austin.craigslist.org/cto/d/2005-volvo-s40-t5-turbo/6579296604.html
236,2761-2999,https://austin.craigslist.org/ctd/d/2017-toyota-camry-le/6579299766.html
237,2761-2999,https://austin.craigslist.org/cto/d/2015-crosstrek-touring-hybrid/6576860451.html
238,2761-2999,https://austin.craigslist.org/cto/d/mercedes-benz-battista/6553505866.html
239,2761-2999,https://austin.craigslist.org/cto/d/2005-toyota-rav4/6579293644.html
